Full Name,First Name,Last Name,Title,Company,Email,Mobile Phone,Other Phone,Home Phone,Corporate Phone,Employees,Employee Size Bracket,Industry,Person LinkedIn,Website,Company LinkedIn,City,State,Country,Company Address,Company City,Company State,Company Country,Technologies,Annual Revenue,Lead Score,Created At
"John Smith","John","Smith","CEO","TechCorp Inc","john.smith@techcorp.com","+1-555-0123","","","","150","51-200","Technology","","https://techcorp.com","","San Francisco","California","United States","","","","","","","8.5","2025-08-13T00:33:52.398Z"
"Sarah Johnson","Sarah","Johnson","CTO","DataSystems Ltd","sarah@datasystems.co.uk","+44-20-7946-0958","","","","80","51-200","Technology","","https://datasystems.co.uk","","London","England","United Kingdom","","","","","","","9.2","2025-08-13T00:33:52.398Z"
"Michael Chen","Michael","Chen","Product Manager","InnovateCorp","m.chen@innovatecorp.com","+1-415-555-0199","","","","25","11-50","Technology","","https://innovatecorp.com","","Palo Alto","California","United States","","","","","","","7.8","2025-08-13T00:33:52.398Z"
"Emma Wilson","Emma","Wilson","VP Sales","CloudVentures","emma.wilson@cloudventures.com","+1-617-555-0145","","","","300","200+","Technology","","https://cloudventures.com","","Boston","Massachusetts","United States","","","","","","","9.5","2025-08-13T00:33:52.398Z"
"Hiroshi Tanaka","Hiroshi","Tanaka","Engineering Director","NipponTech Co","h.tanaka@nippontech.co.jp","+81-3-5555-0123","","","","500","200+","Technology","","https://nippontech.co.jp","","Tokyo","Tokyo","Japan","","","","","","","8.9","2025-08-13T00:33:52.398Z"
